event_id,activity,timestamp,product,shipment,transport,location,status
1,Create Product,2025-04-29 08:00:00,prod_001,,,Factory,Normal
2,Store Product,2025-04-29 08:25:00,prod_001,,,Warehouse_A,Normal
3,Create Product,2025-04-29 08:30:00,prod_002,,,Factory,Normal
4,Store Product,2025-04-29 08:58:00,prod_002,,,Warehouse_C,Normal
5,Create Product,2025-04-29 09:10:00,prod_003,,,Factory,Normal
6,Store Product,2025-04-29 09:22:00,prod_003,,,Warehouse_B,Normal
7,Create Product,2025-04-29 09:50:00,prod_004,,,Factory,Normal
8,Store Product,2025-04-29 09:58:00,prod_004,,,Warehouse_A,Normal
9,Create Product,2025-04-29 10:21:00,prod_005,,,Factory,Normal
10,Store Product,2025-04-29 10:39:00,prod_005,,,Warehouse_A,Normal
11,Create Product,2025-04-29 10:44:00,prod_006,,,Factory,Normal
12,Store Product,2025-04-29 10:51:00,prod_006,,,Warehouse_B,Normal
13,Create Product,2025-04-29 11:03:00,prod_007,,,Factory,Normal
14,Store Product,2025-04-29 11:24:00,prod_007,,,Warehouse_A,Normal
15,Create Product,2025-04-29 11:46:00,prod_008,,,Factory,Normal
16,Store Product,2025-04-29 11:57:00,prod_008,,,Warehouse_D,Normal
17,Create Product,2025-04-29 12:09:00,prod_009,,,Factory,Normal
18,Store Product,2025-04-29 12:28:00,prod_009,,,Warehouse_C,Normal
19,Create Product,2025-04-29 12:58:00,prod_010,,,Factory,Normal
20,Store Product,2025-04-29 13:03:00,prod_010,,,Warehouse_B,Normal
21,Create Product,2025-04-29 13:30:00,prod_011,,,Factory,Normal
22,Store Product,2025-04-29 13:48:00,prod_011,,,Warehouse_C,Normal
23,Create Product,2025-04-29 14:01:00,prod_012,,,Factory,Normal
24,Store Product,2025-04-29 14:10:00,prod_012,,,Warehouse_B,Normal
25,Create Product,2025-04-29 14:39:00,prod_013,,,Factory,Normal
26,Store Product,2025-04-29 14:54:00,prod_013,,,Warehouse_A,Normal
27,Create Product,2025-04-29 15:01:00,prod_014,,,Factory,Normal
28,Store Product,2025-04-29 15:18:00,prod_014,,,Warehouse_A,Normal
29,Create Product,2025-04-29 15:34:00,prod_015,,,Factory,Normal
30,Store Product,2025-04-29 15:50:00,prod_015,,,Warehouse_C,Normal
31,Create Product,2025-04-29 16:20:00,prod_016,,,Factory,Normal
32,Store Product,2025-04-29 16:26:00,prod_016,,,Warehouse_D,Normal
33,Create Product,2025-04-29 16:48:00,prod_017,,,Factory,Normal
34,Store Product,2025-04-29 16:56:00,prod_017,,,Warehouse_D,Normal
35,Create Product,2025-04-29 17:03:00,prod_018,,,Factory,Normal
36,Store Product,2025-04-29 17:25:00,prod_018,,,Warehouse_C,Normal
37,Create Product,2025-04-29 17:50:00,prod_019,,,Factory,Normal
38,Store Product,2025-04-29 18:14:00,prod_019,,,Warehouse_C,Normal
39,Create Product,2025-04-29 18:37:00,prod_020,,,Factory,Normal
40,Store Product,2025-04-29 18:48:00,prod_020,,,Warehouse_A,Normal
41,Create Product,2025-04-29 18:54:00,prod_021,,,Factory,Normal
42,Store Product,2025-04-29 19:20:00,prod_021,,,Warehouse_B,Normal
43,Create Product,2025-04-29 19:49:00,prod_022,,,Factory,Normal
44,Store Product,2025-04-29 20:03:00,prod_022,,,Warehouse_A,Normal
45,Create Product,2025-04-29 20:15:00,prod_023,,,Factory,Normal
46,Store Product,2025-04-29 20:23:00,prod_023,,,Warehouse_D,Normal
47,Create Product,2025-04-29 20:36:00,prod_024,,,Factory,Normal
48,Store Product,2025-04-29 20:55:00,prod_024,,,Warehouse_C,Normal
49,Create Product,2025-04-29 21:05:00,prod_025,,,Factory,Normal
50,Store Product,2025-04-29 21:21:00,prod_025,,,Warehouse_C,Normal
51,Create Product,2025-04-29 21:32:00,prod_026,,,Factory,Normal
52,Store Product,2025-04-29 21:58:00,prod_026,,,Warehouse_C,Normal
53,Create Product,2025-04-29 22:25:00,prod_027,,,Factory,Normal
54,Store Product,2025-04-29 22:51:00,prod_027,,,Warehouse_A,Normal
55,Create Product,2025-04-29 23:15:00,prod_028,,,Factory,Normal
56,Store Product,2025-04-29 23:40:00,prod_028,,,Warehouse_B,Normal
57,Create Product,2025-04-30 00:02:00,prod_029,,,Factory,Normal
58,Store Product,2025-04-30 00:30:00,prod_029,,,Warehouse_B,Normal
59,Create Product,2025-04-30 00:40:00,prod_030,,,Factory,Normal
60,Store Product,2025-04-30 00:59:00,prod_030,,,Warehouse_D,Normal
61,Create Product,2025-04-30 01:12:00,prod_031,,,Factory,Normal
62,Store Product,2025-04-30 01:37:00,prod_031,,,Warehouse_B,Normal
63,Create Product,2025-04-30 02:03:00,prod_032,,,Factory,Normal
64,Store Product,2025-04-30 02:18:00,prod_032,,,Warehouse_A,Normal
65,Create Product,2025-04-30 02:30:00,prod_033,,,Factory,Normal
66,Store Product,2025-04-30 02:36:00,prod_033,,,Warehouse_C,Normal
67,Create Product,2025-04-30 02:53:00,prod_034,,,Factory,Normal
68,Store Product,2025-04-30 03:06:00,prod_034,,,Warehouse_A,Normal
69,Create Product,2025-04-30 03:17:00,prod_035,,,Factory,Normal
70,Store Product,2025-04-30 03:40:00,prod_035,,,Warehouse_C,Normal
71,Create Product,2025-04-30 03:51:00,prod_036,,,Factory,Normal
72,Store Product,2025-04-30 04:16:00,prod_036,,,Warehouse_D,Normal
73,Create Product,2025-04-30 04:33:00,prod_037,,,Factory,Normal
74,Store Product,2025-04-30 04:58:00,prod_037,,,Warehouse_D,Normal
75,Create Product,2025-04-30 05:07:00,prod_038,,,Factory,Normal
76,Store Product,2025-04-30 05:20:00,prod_038,,,Warehouse_B,Normal
77,Create Product,2025-04-30 05:32:00,prod_039,,,Factory,Normal
78,Store Product,2025-04-30 06:00:00,prod_039,,,Warehouse_C,Normal
79,Create Product,2025-04-30 06:28:00,prod_040,,,Factory,Normal
80,Store Product,2025-04-30 06:51:00,prod_040,,,Warehouse_D,Normal
81,Create Product,2025-04-30 07:14:00,prod_041,,,Factory,Normal
82,Store Product,2025-04-30 07:31:00,prod_041,,,Warehouse_C,Normal
83,Create Product,2025-04-30 07:43:00,prod_042,,,Factory,Normal
84,Store Product,2025-04-30 07:52:00,prod_042,,,Warehouse_D,Normal
85,Create Product,2025-04-30 07:59:00,prod_043,,,Factory,Normal
86,Store Product,2025-04-30 08:28:00,prod_043,,,Warehouse_A,Normal
87,Create Product,2025-04-30 08:36:00,prod_044,,,Factory,Normal
88,Store Product,2025-04-30 08:45:00,prod_044,,,Warehouse_B,Normal
89,Create Product,2025-04-30 09:15:00,prod_045,,,Factory,Normal
90,Store Product,2025-04-30 09:41:00,prod_045,,,Warehouse_D,Normal
91,Create Product,2025-04-30 10:05:00,prod_046,,,Factory,Normal
92,Store Product,2025-04-30 10:12:00,prod_046,,,Warehouse_D,Normal
93,Create Product,2025-04-30 10:29:00,prod_047,,,Factory,Normal
94,Store Product,2025-04-30 10:53:00,prod_047,,,Warehouse_D,Normal
95,Create Product,2025-04-30 11:14:00,prod_048,,,Factory,Normal
96,Store Product,2025-04-30 11:27:00,prod_048,,,Warehouse_A,Normal
97,Create Product,2025-04-30 11:53:00,prod_049,,,Factory,Normal
98,Store Product,2025-04-30 12:21:00,prod_049,,,Warehouse_A,Normal
99,Create Product,2025-04-30 12:47:00,prod_050,,,Factory,Normal
100,Store Product,2025-04-30 13:09:00,prod_050,,,Warehouse_C,Normal
101,Create Product,2025-04-30 13:38:00,prod_051,,,Factory,Normal
102,Store Product,2025-04-30 14:03:00,prod_051,,,Warehouse_C,Normal
103,Create Product,2025-04-30 14:11:00,prod_052,,,Factory,Normal
104,Store Product,2025-04-30 14:25:00,prod_052,,,Warehouse_D,Normal
105,Create Product,2025-04-30 14:35:00,prod_053,,,Factory,Normal
106,Store Product,2025-04-30 14:54:00,prod_053,,,Warehouse_A,Normal
107,Create Product,2025-04-30 15:22:00,prod_054,,,Factory,Normal
108,Store Product,2025-04-30 15:50:00,prod_054,,,Warehouse_C,Normal
109,Create Product,2025-04-30 16:11:00,prod_055,,,Factory,Normal
110,Store Product,2025-04-30 16:40:00,prod_055,,,Warehouse_B,Normal
111,Create Product,2025-04-30 17:01:00,prod_056,,,Factory,Normal
112,Store Product,2025-04-30 17:09:00,prod_056,,,Warehouse_C,Normal
113,Create Product,2025-04-30 17:34:00,prod_057,,,Factory,Normal
114,Store Product,2025-04-30 17:55:00,prod_057,,,Warehouse_B,Normal
115,Create Product,2025-04-30 18:04:00,prod_058,,,Factory,Normal
116,Store Product,2025-04-30 18:20:00,prod_058,,,Warehouse_B,Normal
117,Create Product,2025-04-30 18:42:00,prod_059,,,Factory,Normal
118,Store Product,2025-04-30 19:11:00,prod_059,,,Warehouse_A,Normal
119,Create Product,2025-04-30 19:35:00,prod_060,,,Factory,Normal
120,Store Product,2025-04-30 19:50:00,prod_060,,,Warehouse_D,Normal
121,Create Product,2025-04-30 19:55:00,prod_061,,,Factory,Normal
122,Store Product,2025-04-30 20:03:00,prod_061,,,Warehouse_C,Normal
123,Create Product,2025-04-30 20:33:00,prod_062,,,Factory,Normal
124,Store Product,2025-04-30 20:47:00,prod_062,,,Warehouse_B,Normal
125,Create Product,2025-04-30 20:53:00,prod_063,,,Factory,Normal
126,Store Product,2025-04-30 21:05:00,prod_063,,,Warehouse_A,Normal
127,Create Product,2025-04-30 21:12:00,prod_064,,,Factory,Normal
128,Store Product,2025-04-30 21:40:00,prod_064,,,Warehouse_D,Normal
129,Create Product,2025-04-30 21:47:00,prod_065,,,Factory,Normal
130,Store Product,2025-04-30 22:16:00,prod_065,,,Warehouse_B,Normal
131,Create Product,2025-04-30 22:25:00,prod_066,,,Factory,Normal
132,Store Product,2025-04-30 22:51:00,prod_066,,,Warehouse_D,Normal
133,Create Product,2025-04-30 23:13:00,prod_067,,,Factory,Normal
134,Store Product,2025-04-30 23:23:00,prod_067,,,Warehouse_C,Normal
135,Create Product,2025-04-30 23:44:00,prod_068,,,Factory,Normal
136,Store Product,2025-05-01 00:08:00,prod_068,,,Warehouse_D,Normal
137,Create Product,2025-05-01 00:19:00,prod_069,,,Factory,Normal
138,Store Product,2025-05-01 00:41:00,prod_069,,,Warehouse_B,Normal
139,Create Product,2025-05-01 01:08:00,prod_070,,,Factory,Normal
140,Store Product,2025-05-01 01:22:00,prod_070,,,Warehouse_D,Normal
141,Create Product,2025-05-01 01:48:00,prod_071,,,Factory,Normal
142,Store Product,2025-05-01 02:13:00,prod_071,,,Warehouse_C,Normal
143,Create Product,2025-05-01 02:32:00,prod_072,,,Factory,Normal
144,Store Product,2025-05-01 02:53:00,prod_072,,,Warehouse_D,Normal
145,Create Product,2025-05-01 03:01:00,prod_073,,,Factory,Normal
146,Store Product,2025-05-01 03:13:00,prod_073,,,Warehouse_B,Normal
147,Create Product,2025-05-01 03:20:00,prod_074,,,Factory,Normal
148,Store Product,2025-05-01 03:35:00,prod_074,,,Warehouse_A,Normal
149,Create Product,2025-05-01 03:58:00,prod_075,,,Factory,Normal
150,Store Product,2025-05-01 04:20:00,prod_075,,,Warehouse_B,Normal
151,Create Product,2025-05-01 04:43:00,prod_076,,,Factory,Normal
152,Store Product,2025-05-01 04:55:00,prod_076,,,Warehouse_A,Normal
153,Create Product,2025-05-01 05:02:00,prod_077,,,Factory,Normal
154,Store Product,2025-05-01 05:29:00,prod_077,,,Warehouse_A,Normal
155,Create Product,2025-05-01 05:41:00,prod_078,,,Factory,Normal
156,Store Product,2025-05-01 05:48:00,prod_078,,,Warehouse_A,Normal
157,Create Product,2025-05-01 06:03:00,prod_079,,,Factory,Normal
158,Store Product,2025-05-01 06:10:00,prod_079,,,Warehouse_B,Normal
159,Create Product,2025-05-01 06:23:00,prod_080,,,Factory,Normal
160,Store Product,2025-05-01 06:49:00,prod_080,,,Warehouse_D,Normal
161,Create Product,2025-05-01 07:00:00,prod_081,,,Factory,Normal
162,Store Product,2025-05-01 07:22:00,prod_081,,,Warehouse_B,Normal
163,Create Product,2025-05-01 07:50:00,prod_082,,,Factory,Normal
164,Store Product,2025-05-01 08:13:00,prod_082,,,Warehouse_D,Normal
165,Create Product,2025-05-01 08:25:00,prod_083,,,Factory,Normal
166,Store Product,2025-05-01 08:55:00,prod_083,,,Warehouse_D,Normal
167,Create Product,2025-05-01 09:25:00,prod_084,,,Factory,Normal
168,Store Product,2025-05-01 09:43:00,prod_084,,,Warehouse_B,Normal
169,Create Product,2025-05-01 09:51:00,prod_085,,,Factory,Normal
170,Store Product,2025-05-01 09:59:00,prod_085,,,Warehouse_D,Normal
171,Create Product,2025-05-01 10:15:00,prod_086,,,Factory,Normal
172,Store Product,2025-05-01 10:33:00,prod_086,,,Warehouse_D,Normal
173,Create Product,2025-05-01 10:52:00,prod_087,,,Factory,Normal
174,Store Product,2025-05-01 11:20:00,prod_087,,,Warehouse_A,Normal
175,Create Product,2025-05-01 11:46:00,prod_088,,,Factory,Normal
176,Store Product,2025-05-01 12:11:00,prod_088,,,Warehouse_A,Normal
177,Create Product,2025-05-01 12:17:00,prod_089,,,Factory,Normal
178,Store Product,2025-05-01 12:34:00,prod_089,,,Warehouse_C,Normal
179,Create Product,2025-05-01 13:04:00,prod_090,,,Factory,Normal
180,Store Product,2025-05-01 13:12:00,prod_090,,,Warehouse_B,Normal
181,Create Product,2025-05-01 13:23:00,prod_091,,,Factory,Normal
182,Store Product,2025-05-01 13:34:00,prod_091,,,Warehouse_D,Normal
183,Create Product,2025-05-01 13:43:00,prod_092,,,Factory,Normal
184,Store Product,2025-05-01 14:01:00,prod_092,,,Warehouse_B,Normal
185,Create Product,2025-05-01 14:14:00,prod_093,,,Factory,Normal
186,Store Product,2025-05-01 14:33:00,prod_093,,,Warehouse_B,Normal
187,Create Product,2025-05-01 14:40:00,prod_094,,,Factory,Normal
188,Store Product,2025-05-01 14:59:00,prod_094,,,Warehouse_A,Normal
189,Create Product,2025-05-01 15:05:00,prod_095,,,Factory,Normal
190,Store Product,2025-05-01 15:30:00,prod_095,,,Warehouse_A,Normal
191,Create Product,2025-05-01 15:37:00,prod_096,,,Factory,Normal
192,Store Product,2025-05-01 16:06:00,prod_096,,,Warehouse_B,Normal
193,Create Product,2025-05-01 16:16:00,prod_097,,,Factory,Normal
194,Store Product,2025-05-01 16:34:00,prod_097,,,Warehouse_D,Normal
195,Create Product,2025-05-01 16:54:00,prod_098,,,Factory,Normal
196,Store Product,2025-05-01 17:05:00,prod_098,,,Warehouse_D,Normal
197,Create Product,2025-05-01 17:11:00,prod_099,,,Factory,Normal
198,Store Product,2025-05-01 17:21:00,prod_099,,,Warehouse_D,Normal
199,Create Product,2025-05-01 17:26:00,prod_100,,,Factory,Normal
200,Store Product,2025-05-01 17:43:00,prod_100,,,Warehouse_C,Normal
201,Create Shipment,2025-05-01 18:13:00,,ship_001,,Warehouse_D,Normal
202,Create Shipment,2025-05-01 18:27:00,,ship_002,,Warehouse_D,Normal
203,Create Shipment,2025-05-01 18:54:00,,ship_003,,Warehouse_D,Normal
204,Create Shipment,2025-05-01 19:03:00,,ship_004,,Warehouse_B,Normal
205,Create Shipment,2025-05-01 19:17:00,,ship_005,,Warehouse_B,Normal
206,Create Shipment,2025-05-01 19:23:00,,ship_006,,Warehouse_A,Normal
207,Create Shipment,2025-05-01 19:51:00,,ship_007,,Warehouse_C,Normal
208,Create Shipment,2025-05-01 19:57:00,,ship_008,,Warehouse_A,Normal
209,Create Shipment,2025-05-01 20:20:00,,ship_009,,Warehouse_D,Normal
210,Create Shipment,2025-05-01 20:41:00,,ship_010,,Warehouse_B,Normal
211,Create Shipment,2025-05-01 20:47:00,,ship_011,,Warehouse_A,Normal
212,Create Shipment,2025-05-01 20:57:00,,ship_012,,Warehouse_A,Normal
213,Create Shipment,2025-05-01 21:21:00,,ship_013,,Warehouse_A,Normal
214,Create Shipment,2025-05-01 21:47:00,,ship_014,,Warehouse_B,Normal
215,Create Shipment,2025-05-01 22:04:00,,ship_015,,Warehouse_A,Normal
216,Create Shipment,2025-05-01 22:27:00,,ship_016,,Warehouse_B,Normal
217,Create Shipment,2025-05-01 22:50:00,,ship_017,,Warehouse_A,Normal
218,Create Shipment,2025-05-01 23:14:00,,ship_018,,Warehouse_A,Normal
219,Create Shipment,2025-05-01 23:32:00,,ship_019,,Warehouse_C,Normal
220,Create Shipment,2025-05-01 23:45:00,,ship_020,,Warehouse_B,Normal
221,Create Shipment,2025-05-02 00:11:00,,ship_021,,Warehouse_C,Normal
222,Create Shipment,2025-05-02 00:23:00,,ship_022,,Warehouse_C,Normal
223,Create Shipment,2025-05-02 00:40:00,,ship_023,,Warehouse_B,Normal
224,Create Shipment,2025-05-02 01:06:00,,ship_024,,Warehouse_C,Normal
225,Create Shipment,2025-05-02 01:25:00,,ship_025,,Warehouse_C,Normal
226,Create Shipment,2025-05-02 01:54:00,,ship_026,,Warehouse_A,Normal
227,Create Shipment,2025-05-02 01:59:00,,ship_027,,Warehouse_D,Normal
228,Create Shipment,2025-05-02 02:23:00,,ship_028,,Warehouse_A,Normal
229,Create Shipment,2025-05-02 02:30:00,,ship_029,,Warehouse_B,Normal
230,Create Shipment,2025-05-02 02:51:00,,ship_030,,Warehouse_C,Normal
231,Assign Product to Shipment,2025-05-02 03:00:00,prod_001,ship_030,,Warehouse_C,Normal
232,Assign Product to Shipment,2025-05-02 03:07:00,prod_002,ship_029,,Warehouse_B,Normal
233,Assign Product to Shipment,2025-05-02 03:23:00,prod_003,ship_010,,Warehouse_B,Normal
234,Assign Product to Shipment,2025-05-02 03:42:00,prod_004,ship_027,,Warehouse_C,Normal
235,Assign Product to Shipment,2025-05-02 04:06:00,prod_005,ship_026,,Warehouse_A,Normal
236,Assign Product to Shipment,2025-05-02 04:32:00,prod_006,ship_027,,Warehouse_C,Normal
237,Assign Product to Shipment,2025-05-02 04:58:00,prod_007,ship_004,,Warehouse_B,Normal
238,Assign Product to Shipment,2025-05-02 05:11:00,prod_008,ship_004,,Warehouse_A,Normal
239,Assign Product to Shipment,2025-05-02 05:39:00,prod_009,ship_018,,Warehouse_B,Normal
240,Assign Product to Shipment,2025-05-02 05:52:00,prod_010,ship_010,,Warehouse_B,Normal
241,Assign Product to Shipment,2025-05-02 06:19:00,prod_011,ship_011,,Warehouse_B,Normal
242,Assign Product to Shipment,2025-05-02 06:45:00,prod_012,ship_021,,Warehouse_C,Normal
243,Assign Product to Shipment,2025-05-02 07:06:00,prod_013,ship_016,,Warehouse_C,Normal
244,Assign Product to Shipment,2025-05-02 07:12:00,prod_014,ship_003,,Warehouse_D,Normal
245,Assign Product to Shipment,2025-05-02 07:25:00,prod_015,ship_002,,Warehouse_A,Normal
246,Assign Product to Shipment,2025-05-02 07:40:00,prod_016,ship_025,,Warehouse_B,Normal
247,Assign Product to Shipment,2025-05-02 08:05:00,prod_017,ship_009,,Warehouse_B,Normal
248,Assign Product to Shipment,2025-05-02 08:33:00,prod_018,ship_015,,Warehouse_D,Normal
249,Assign Product to Shipment,2025-05-02 08:55:00,prod_019,ship_001,,Warehouse_A,Normal
250,Assign Product to Shipment,2025-05-02 09:02:00,prod_020,ship_029,,Warehouse_B,Normal
251,Assign Product to Shipment,2025-05-02 09:24:00,prod_021,ship_002,,Warehouse_C,Normal
252,Assign Product to Shipment,2025-05-02 09:47:00,prod_022,ship_018,,Warehouse_B,Normal
253,Assign Product to Shipment,2025-05-02 10:05:00,prod_023,ship_005,,Warehouse_A,Normal
254,Assign Product to Shipment,2025-05-02 10:19:00,prod_024,ship_012,,Warehouse_A,Normal
255,Assign Product to Shipment,2025-05-02 10:35:00,prod_025,ship_007,,Warehouse_B,Normal
256,Assign Product to Shipment,2025-05-02 11:01:00,prod_026,ship_004,,Warehouse_C,Normal
257,Assign Product to Shipment,2025-05-02 11:30:00,prod_027,ship_018,,Warehouse_D,Normal
258,Assign Product to Shipment,2025-05-02 11:54:00,prod_028,ship_024,,Warehouse_B,Normal
259,Assign Product to Shipment,2025-05-02 12:06:00,prod_029,ship_028,,Warehouse_B,Normal
260,Assign Product to Shipment,2025-05-02 12:36:00,prod_030,ship_026,,Warehouse_B,Normal
261,Assign Product to Shipment,2025-05-02 12:54:00,prod_031,ship_001,,Warehouse_B,Normal
262,Assign Product to Shipment,2025-05-02 13:22:00,prod_032,ship_030,,Warehouse_C,Normal
263,Assign Product to Shipment,2025-05-02 13:52:00,prod_033,ship_030,,Warehouse_D,Normal
264,Assign Product to Shipment,2025-05-02 14:22:00,prod_034,ship_022,,Warehouse_B,Normal
265,Assign Product to Shipment,2025-05-02 14:35:00,prod_035,ship_006,,Warehouse_A,Normal
266,Assign Product to Shipment,2025-05-02 14:52:00,prod_036,ship_028,,Warehouse_A,Normal
267,Assign Product to Shipment,2025-05-02 15:12:00,prod_037,ship_008,,Warehouse_B,Normal
268,Assign Product to Shipment,2025-05-02 15:31:00,prod_038,ship_012,,Warehouse_C,Normal
269,Assign Product to Shipment,2025-05-02 16:01:00,prod_039,ship_028,,Warehouse_B,Normal
270,Assign Product to Shipment,2025-05-02 16:13:00,prod_040,ship_001,,Warehouse_B,Normal
271,Assign Product to Shipment,2025-05-02 16:30:00,prod_041,ship_011,,Warehouse_C,Normal
272,Assign Product to Shipment,2025-05-02 16:37:00,prod_042,ship_025,,Warehouse_C,Normal
273,Assign Product to Shipment,2025-05-02 16:53:00,prod_043,ship_021,,Warehouse_D,Normal
274,Assign Product to Shipment,2025-05-02 17:19:00,prod_044,ship_027,,Warehouse_C,Normal
275,Assign Product to Shipment,2025-05-02 17:24:00,prod_045,ship_004,,Warehouse_C,Normal
276,Assign Product to Shipment,2025-05-02 17:34:00,prod_046,ship_019,,Warehouse_C,Normal
277,Assign Product to Shipment,2025-05-02 17:40:00,prod_047,ship_004,,Warehouse_D,Normal
278,Assign Product to Shipment,2025-05-02 17:56:00,prod_048,ship_024,,Warehouse_C,Normal
279,Assign Product to Shipment,2025-05-02 18:14:00,prod_049,ship_020,,Warehouse_A,Normal
280,Assign Product to Shipment,2025-05-02 18:31:00,prod_050,ship_029,,Warehouse_B,Normal
281,Assign Product to Shipment,2025-05-02 18:44:00,prod_051,ship_002,,Warehouse_D,Normal
282,Assign Product to Shipment,2025-05-02 18:49:00,prod_052,ship_017,,Warehouse_B,Normal
283,Assign Product to Shipment,2025-05-02 19:05:00,prod_053,ship_014,,Warehouse_A,Normal
284,Assign Product to Shipment,2025-05-02 19:31:00,prod_054,ship_030,,Warehouse_C,Normal
285,Assign Product to Shipment,2025-05-02 19:55:00,prod_055,ship_011,,Warehouse_A,Normal
286,Assign Product to Shipment,2025-05-02 20:23:00,prod_056,ship_029,,Warehouse_C,Normal
287,Assign Product to Shipment,2025-05-02 20:44:00,prod_057,ship_010,,Warehouse_D,Normal
288,Assign Product to Shipment,2025-05-02 20:59:00,prod_058,ship_013,,Warehouse_C,Normal
289,Assign Product to Shipment,2025-05-02 21:21:00,prod_059,ship_005,,Warehouse_B,Normal
290,Assign Product to Shipment,2025-05-02 21:39:00,prod_060,ship_022,,Warehouse_D,Normal
291,Assign Product to Shipment,2025-05-02 22:05:00,prod_061,ship_024,,Warehouse_B,Normal
292,Assign Product to Shipment,2025-05-02 22:29:00,prod_062,ship_019,,Warehouse_C,Normal
293,Assign Product to Shipment,2025-05-02 22:46:00,prod_063,ship_018,,Warehouse_A,Normal
294,Assign Product to Shipment,2025-05-02 23:00:00,prod_064,ship_010,,Warehouse_B,Normal
295,Assign Product to Shipment,2025-05-02 23:18:00,prod_065,ship_026,,Warehouse_C,Normal
296,Assign Product to Shipment,2025-05-02 23:37:00,prod_066,ship_015,,Warehouse_D,Normal
297,Assign Product to Shipment,2025-05-03 00:03:00,prod_067,ship_007,,Warehouse_D,Normal
298,Assign Product to Shipment,2025-05-03 00:33:00,prod_068,ship_029,,Warehouse_B,Normal
299,Assign Product to Shipment,2025-05-03 00:59:00,prod_069,ship_003,,Warehouse_C,Normal
300,Assign Product to Shipment,2025-05-03 01:20:00,prod_070,ship_022,,Warehouse_C,Normal
301,Assign Product to Shipment,2025-05-03 01:27:00,prod_071,ship_027,,Warehouse_B,Normal
302,Assign Product to Shipment,2025-05-03 01:53:00,prod_072,ship_010,,Warehouse_B,Normal
303,Assign Product to Shipment,2025-05-03 02:23:00,prod_073,ship_007,,Warehouse_B,Normal
304,Assign Product to Shipment,2025-05-03 02:28:00,prod_074,ship_002,,Warehouse_B,Normal
305,Assign Product to Shipment,2025-05-03 02:48:00,prod_075,ship_020,,Warehouse_A,Normal
306,Assign Product to Shipment,2025-05-03 03:07:00,prod_076,ship_014,,Warehouse_B,Normal
307,Assign Product to Shipment,2025-05-03 03:34:00,prod_077,ship_023,,Warehouse_D,Normal
308,Assign Product to Shipment,2025-05-03 03:54:00,prod_078,ship_013,,Warehouse_B,Normal
309,Assign Product to Shipment,2025-05-03 04:03:00,prod_079,ship_021,,Warehouse_A,Normal
310,Assign Product to Shipment,2025-05-03 04:32:00,prod_080,ship_028,,Warehouse_A,Normal
311,Assign Product to Shipment,2025-05-03 05:01:00,prod_081,ship_014,,Warehouse_B,Normal
312,Assign Product to Shipment,2025-05-03 05:11:00,prod_082,ship_026,,Warehouse_D,Normal
313,Assign Product to Shipment,2025-05-03 05:17:00,prod_083,ship_018,,Warehouse_B,Normal
314,Assign Product to Shipment,2025-05-03 05:25:00,prod_084,ship_015,,Warehouse_B,Normal
315,Assign Product to Shipment,2025-05-03 05:55:00,prod_085,ship_015,,Warehouse_C,Normal
316,Assign Product to Shipment,2025-05-03 06:24:00,prod_086,ship_029,,Warehouse_D,Normal
317,Assign Product to Shipment,2025-05-03 06:48:00,prod_087,ship_027,,Warehouse_D,Normal
318,Assign Product to Shipment,2025-05-03 07:10:00,prod_088,ship_015,,Warehouse_B,Normal
319,Assign Product to Shipment,2025-05-03 07:38:00,prod_089,ship_028,,Warehouse_D,Normal
320,Assign Product to Shipment,2025-05-03 07:57:00,prod_090,ship_009,,Warehouse_B,Normal
321,Assign Product to Shipment,2025-05-03 08:22:00,prod_091,ship_009,,Warehouse_D,Normal
322,Assign Product to Shipment,2025-05-03 08:47:00,prod_092,ship_008,,Warehouse_C,Normal
323,Assign Product to Shipment,2025-05-03 09:06:00,prod_093,ship_003,,Warehouse_C,Normal
324,Assign Product to Shipment,2025-05-03 09:18:00,prod_094,ship_009,,Warehouse_C,Normal
325,Assign Product to Shipment,2025-05-03 09:33:00,prod_095,ship_029,,Warehouse_A,Normal
326,Assign Product to Shipment,2025-05-03 09:42:00,prod_096,ship_005,,Warehouse_B,Normal
327,Assign Product to Shipment,2025-05-03 09:59:00,prod_097,ship_023,,Warehouse_B,Normal
328,Assign Product to Shipment,2025-05-03 10:26:00,prod_098,ship_007,,Warehouse_A,Normal
329,Assign Product to Shipment,2025-05-03 10:44:00,prod_099,ship_014,,Warehouse_C,Normal
330,Assign Product to Shipment,2025-05-03 11:06:00,prod_100,ship_015,,Warehouse_D,Normal
331,Create Transport Order,2025-05-03 11:12:00,,,trans_001,Warehouse_B,Normal
332,Create Transport Order,2025-05-03 11:30:00,,,trans_002,Warehouse_D,Normal
333,Create Transport Order,2025-05-03 11:59:00,,,trans_003,Warehouse_A,Normal
334,Create Transport Order,2025-05-03 12:28:00,,,trans_004,Warehouse_D,Normal
335,Create Transport Order,2025-05-03 12:48:00,,,trans_005,Warehouse_A,Normal
336,Create Transport Order,2025-05-03 13:04:00,,,trans_006,Warehouse_C,Normal
337,Create Transport Order,2025-05-03 13:33:00,,,trans_007,Warehouse_D,Normal
338,Create Transport Order,2025-05-03 13:51:00,,,trans_008,Warehouse_B,Normal
339,Create Transport Order,2025-05-03 14:11:00,,,trans_009,Warehouse_B,Normal
340,Create Transport Order,2025-05-03 14:24:00,,,trans_010,Warehouse_D,Normal
341,Create Transport Order,2025-05-03 14:44:00,,,trans_011,Warehouse_A,Normal
342,Create Transport Order,2025-05-03 15:01:00,,,trans_012,Warehouse_C,Normal
343,Create Transport Order,2025-05-03 15:27:00,,,trans_013,Warehouse_D,Normal
344,Create Transport Order,2025-05-03 15:55:00,,,trans_014,Warehouse_B,Normal
345,Create Transport Order,2025-05-03 16:14:00,,,trans_015,Warehouse_B,Normal
346,Load Shipment on Transport,2025-05-03 16:38:00,,ship_001,trans_009,Warehouse_A,Normal
347,Load Shipment on Transport,2025-05-03 16:55:00,,ship_002,trans_010,Warehouse_A,Normal
348,Load Shipment on Transport,2025-05-03 17:02:00,,ship_003,trans_011,Warehouse_D,Normal
349,Load Shipment on Transport,2025-05-03 17:11:00,,ship_004,trans_014,Warehouse_D,Normal
350,Load Shipment on Transport,2025-05-03 17:21:00,,ship_005,trans_001,Warehouse_C,Normal
351,Load Shipment on Transport,2025-05-03 17:38:00,,ship_006,trans_006,Warehouse_B,Normal
352,Load Shipment on Transport,2025-05-03 17:57:00,,ship_007,trans_006,Warehouse_C,Normal
353,Load Shipment on Transport,2025-05-03 18:26:00,,ship_008,trans_015,Warehouse_D,Normal
354,Load Shipment on Transport,2025-05-03 18:39:00,,ship_009,trans_013,Warehouse_D,Normal
355,Load Shipment on Transport,2025-05-03 18:52:00,,ship_010,trans_014,Warehouse_A,Normal
356,Load Shipment on Transport,2025-05-03 19:12:00,,ship_011,trans_001,Warehouse_A,Normal
357,Load Shipment on Transport,2025-05-03 19:28:00,,ship_012,trans_004,Warehouse_A,Normal
358,Load Shipment on Transport,2025-05-03 19:57:00,,ship_013,trans_011,Warehouse_A,Normal
359,Load Shipment on Transport,2025-05-03 20:26:00,,ship_014,trans_001,Warehouse_B,Normal
360,Load Shipment on Transport,2025-05-03 20:37:00,,ship_015,trans_014,Warehouse_A,Normal
361,Load Shipment on Transport,2025-05-03 21:01:00,,ship_016,trans_003,Warehouse_B,Normal
362,Load Shipment on Transport,2025-05-03 21:10:00,,ship_017,trans_008,Warehouse_A,Normal
363,Load Shipment on Transport,2025-05-03 21:33:00,,ship_018,trans_004,Warehouse_D,Normal
364,Load Shipment on Transport,2025-05-03 22:00:00,,ship_019,trans_005,Warehouse_C,Normal
365,Load Shipment on Transport,2025-05-03 22:10:00,,ship_020,trans_010,Warehouse_A,Normal
366,Load Shipment on Transport,2025-05-03 22:39:00,,ship_021,trans_014,Warehouse_B,Normal
367,Load Shipment on Transport,2025-05-03 22:53:00,,ship_022,trans_002,Warehouse_A,Normal
368,Load Shipment on Transport,2025-05-03 23:07:00,,ship_023,trans_010,Warehouse_D,Normal
369,Load Shipment on Transport,2025-05-03 23:24:00,,ship_024,trans_012,Warehouse_B,Normal
370,Load Shipment on Transport,2025-05-03 23:31:00,,ship_025,trans_010,Warehouse_B,Normal
371,Load Shipment on Transport,2025-05-03 23:39:00,,ship_026,trans_012,Warehouse_C,Normal
372,Load Shipment on Transport,2025-05-04 00:05:00,,ship_027,trans_010,Warehouse_A,Normal
373,Load Shipment on Transport,2025-05-04 00:35:00,,ship_028,trans_010,Warehouse_A,Normal
374,Load Shipment on Transport,2025-05-04 00:51:00,,ship_029,trans_009,Warehouse_D,Normal
375,Load Shipment on Transport,2025-05-04 01:17:00,,ship_030,trans_006,Warehouse_A,Normal
376,Start Transport,2025-05-04 01:38:00,,,trans_001,On Road,Normal
377,Start Transport,2025-05-04 01:43:00,,,trans_002,On Road,Normal
378,Start Transport,2025-05-04 02:03:00,,,trans_003,On Road,Normal
379,Start Transport,2025-05-04 02:19:00,,,trans_004,On Road,Normal
380,Start Transport,2025-05-04 02:38:00,,,trans_005,On Road,Normal
381,Start Transport,2025-05-04 02:56:00,,,trans_006,On Road,Normal
382,Start Transport,2025-05-04 03:17:00,,,trans_007,On Road,Normal
383,Start Transport,2025-05-04 03:30:00,,,trans_008,On Road,Normal
384,Start Transport,2025-05-04 03:52:00,,,trans_009,On Road,Normal
385,Start Transport,2025-05-04 04:11:00,,,trans_010,On Road,Normal
386,Start Transport,2025-05-04 04:39:00,,,trans_011,On Road,Normal
387,Start Transport,2025-05-04 04:54:00,,,trans_012,On Road,Normal
388,Start Transport,2025-05-04 05:01:00,,,trans_013,On Road,Normal
389,Start Transport,2025-05-04 05:20:00,,,trans_014,On Road,Normal
390,Start Transport,2025-05-04 05:39:00,,,trans_015,On Road,Normal
391,Deliver Product,2025-05-04 06:05:00,prod_001,ship_013,trans_006,City_Y,Delayed
392,Deliver Product,2025-05-04 06:15:00,prod_002,ship_016,trans_004,City_Y,Normal
393,Deliver Product,2025-05-04 06:30:00,prod_003,ship_009,trans_015,City_Y,Normal
394,Deliver Product,2025-05-04 06:52:00,prod_004,ship_001,trans_009,City_X,Normal
395,Deliver Product,2025-05-04 07:04:00,prod_005,ship_024,trans_007,City_X,Normal
396,Deliver Product,2025-05-04 07:31:00,prod_006,ship_016,trans_011,City_Y,Normal
397,Deliver Product,2025-05-04 08:01:00,prod_007,ship_001,trans_002,City_Y,Normal
398,Deliver Product,2025-05-04 08:28:00,prod_008,ship_008,trans_005,City_Y,Normal
399,Deliver Product,2025-05-04 08:48:00,prod_009,ship_018,trans_009,City_Z,Normal
400,Deliver Product,2025-05-04 09:10:00,prod_010,ship_011,trans_006,City_Y,Normal
401,Deliver Product,2025-05-04 09:24:00,prod_011,ship_009,trans_004,City_X,Normal
402,Deliver Product,2025-05-04 09:39:00,prod_012,ship_004,trans_012,City_Z,Normal
403,Deliver Product,2025-05-04 09:49:00,prod_013,ship_007,trans_004,City_Y,Normal
404,Deliver Product,2025-05-04 10:17:00,prod_014,ship_019,trans_013,City_Y,Normal
405,Deliver Product,2025-05-04 10:25:00,prod_015,ship_027,trans_004,City_Y,Normal
406,Deliver Product,2025-05-04 10:35:00,prod_016,ship_010,trans_001,City_X,Normal
407,Deliver Product,2025-05-04 10:48:00,prod_017,ship_002,trans_001,City_Z,Normal
408,Deliver Product,2025-05-04 10:57:00,prod_018,ship_021,trans_014,City_X,Normal
409,Deliver Product,2025-05-04 11:02:00,prod_019,ship_019,trans_005,City_Y,Normal
410,Deliver Product,2025-05-04 11:17:00,prod_020,ship_006,trans_001,City_Y,Normal
411,Deliver Product,2025-05-04 11:25:00,prod_021,ship_027,trans_002,City_X,Normal
412,Deliver Product,2025-05-04 11:48:00,prod_022,ship_021,trans_011,City_X,Normal
413,Deliver Product,2025-05-04 12:18:00,prod_023,ship_019,trans_005,City_X,Normal
414,Deliver Product,2025-05-04 12:26:00,prod_024,ship_018,trans_013,City_Z,Normal
415,Deliver Product,2025-05-04 12:56:00,prod_025,ship_020,trans_004,City_Y,Normal
416,Deliver Product,2025-05-04 13:15:00,prod_026,ship_030,trans_008,City_Z,Normal
417,Deliver Product,2025-05-04 13:33:00,prod_027,ship_010,trans_010,City_Z,Normal
418,Deliver Product,2025-05-04 14:01:00,prod_028,ship_004,trans_013,City_X,Normal
419,Deliver Product,2025-05-04 14:14:00,prod_029,ship_022,trans_002,City_X,Normal
420,Deliver Product,2025-05-04 14:36:00,prod_030,ship_003,trans_003,City_Y,Delayed
421,Deliver Product,2025-05-04 15:03:00,prod_031,ship_020,trans_008,City_X,Normal
422,Deliver Product,2025-05-04 15:17:00,prod_032,ship_023,trans_005,City_Y,Normal
423,Deliver Product,2025-05-04 15:24:00,prod_033,ship_022,trans_004,City_Z,Normal
424,Deliver Product,2025-05-04 15:47:00,prod_034,ship_022,trans_013,City_Y,Normal
425,Deliver Product,2025-05-04 15:55:00,prod_035,ship_018,trans_004,City_Y,Normal
426,Deliver Product,2025-05-04 16:04:00,prod_036,ship_003,trans_001,City_Y,Normal
427,Deliver Product,2025-05-04 16:28:00,prod_037,ship_024,trans_014,City_Y,Normal
428,Deliver Product,2025-05-04 16:47:00,prod_038,ship_004,trans_008,City_Z,Normal
429,Deliver Product,2025-05-04 17:04:00,prod_039,ship_009,trans_009,City_Y,Normal
430,Deliver Product,2025-05-04 17:11:00,prod_040,ship_020,trans_001,City_Z,Normal
431,Deliver Product,2025-05-04 17:26:00,prod_041,ship_020,trans_005,City_X,Delayed
432,Deliver Product,2025-05-04 17:52:00,prod_042,ship_027,trans_014,City_X,Normal
433,Deliver Product,2025-05-04 18:21:00,prod_043,ship_022,trans_014,City_X,Normal
434,Deliver Product,2025-05-04 18:50:00,prod_044,ship_025,trans_003,City_Z,Normal
435,Deliver Product,2025-05-04 19:09:00,prod_045,ship_030,trans_005,City_Z,Normal
436,Deliver Product,2025-05-04 19:27:00,prod_046,ship_021,trans_014,City_X,Normal
437,Deliver Product,2025-05-04 19:47:00,prod_047,ship_012,trans_007,City_Z,Normal
438,Deliver Product,2025-05-04 19:55:00,prod_048,ship_028,trans_003,City_Z,Normal
439,Deliver Product,2025-05-04 20:15:00,prod_049,ship_010,trans_011,City_Z,Normal
440,Deliver Product,2025-05-04 20:21:00,prod_050,ship_015,trans_002,City_Y,Normal
441,Deliver Product,2025-05-04 20:29:00,prod_051,ship_025,trans_007,City_X,Normal
442,Deliver Product,2025-05-04 20:55:00,prod_052,ship_028,trans_009,City_X,Normal
443,Deliver Product,2025-05-04 21:06:00,prod_053,ship_017,trans_006,City_Y,Normal
444,Deliver Product,2025-05-04 21:31:00,prod_054,ship_015,trans_013,City_Y,Normal
445,Deliver Product,2025-05-04 21:53:00,prod_055,ship_005,trans_015,City_Z,Normal
446,Deliver Product,2025-05-04 22:13:00,prod_056,ship_004,trans_001,City_Z,Normal
447,Deliver Product,2025-05-04 22:43:00,prod_057,ship_008,trans_012,City_Z,Normal
448,Deliver Product,2025-05-04 22:48:00,prod_058,ship_018,trans_007,City_X,Normal
449,Deliver Product,2025-05-04 23:07:00,prod_059,ship_004,trans_011,City_Y,Normal
450,Deliver Product,2025-05-04 23:34:00,prod_060,ship_010,trans_009,City_Y,Normal
451,Deliver Product,2025-05-04 23:54:00,prod_061,ship_016,trans_004,City_X,Normal
452,Deliver Product,2025-05-05 00:11:00,prod_062,ship_007,trans_015,City_Z,Normal
453,Deliver Product,2025-05-05 00:20:00,prod_063,ship_028,trans_002,City_Y,Normal
454,Deliver Product,2025-05-05 00:35:00,prod_064,ship_030,trans_013,City_X,Normal
455,Deliver Product,2025-05-05 00:49:00,prod_065,ship_024,trans_005,City_Z,Normal
456,Deliver Product,2025-05-05 01:15:00,prod_066,ship_016,trans_014,City_Z,Normal
457,Deliver Product,2025-05-05 01:35:00,prod_067,ship_012,trans_006,City_Z,Normal
458,Deliver Product,2025-05-05 01:52:00,prod_068,ship_015,trans_015,City_X,Normal
459,Deliver Product,2025-05-05 02:19:00,prod_069,ship_008,trans_010,City_Y,Normal
460,Deliver Product,2025-05-05 02:25:00,prod_070,ship_011,trans_012,City_Y,Normal
461,Deliver Product,2025-05-05 02:42:00,prod_071,ship_022,trans_013,City_X,Normal
462,Deliver Product,2025-05-05 03:02:00,prod_072,ship_002,trans_003,City_Z,Normal
463,Deliver Product,2025-05-05 03:17:00,prod_073,ship_028,trans_002,City_Y,Normal
464,Deliver Product,2025-05-05 03:25:00,prod_074,ship_017,trans_015,City_Z,Normal
465,Deliver Product,2025-05-05 03:34:00,prod_075,ship_014,trans_014,City_X,Normal
466,Deliver Product,2025-05-05 03:41:00,prod_076,ship_016,trans_013,City_Y,Normal
467,Deliver Product,2025-05-05 04:05:00,prod_077,ship_023,trans_007,City_Y,Normal
468,Deliver Product,2025-05-05 04:31:00,prod_078,ship_028,trans_009,City_Y,Normal
469,Deliver Product,2025-05-05 04:56:00,prod_079,ship_023,trans_015,City_Z,Normal
470,Deliver Product,2025-05-05 05:02:00,prod_080,ship_020,trans_002,City_Z,Normal
471,Deliver Product,2025-05-05 05:16:00,prod_081,ship_008,trans_012,City_X,Normal
472,Deliver Product,2025-05-05 05:45:00,prod_082,ship_021,trans_012,City_Y,Normal
473,Deliver Product,2025-05-05 05:55:00,prod_083,ship_023,trans_005,City_X,Normal
474,Deliver Product,2025-05-05 06:10:00,prod_084,ship_026,trans_001,City_Y,Normal
475,Deliver Product,2025-05-05 06:28:00,prod_085,ship_005,trans_004,City_Z,Normal
476,Deliver Product,2025-05-05 06:54:00,prod_086,ship_026,trans_003,City_X,Normal
477,Deliver Product,2025-05-05 07:18:00,prod_087,ship_028,trans_007,City_X,Normal
478,Deliver Product,2025-05-05 07:38:00,prod_088,ship_030,trans_010,City_Y,Normal
479,Deliver Product,2025-05-05 08:03:00,prod_089,ship_009,trans_008,City_X,Normal
480,Deliver Product,2025-05-05 08:33:00,prod_090,ship_015,trans_015,City_Z,Normal
481,Deliver Product,2025-05-05 08:43:00,prod_091,ship_003,trans_008,City_Z,Normal
482,Deliver Product,2025-05-05 08:57:00,prod_092,ship_021,trans_007,City_Y,Normal
483,Deliver Product,2025-05-05 09:11:00,prod_093,ship_007,trans_007,City_X,Normal
484,Deliver Product,2025-05-05 09:23:00,prod_094,ship_013,trans_010,City_Y,Normal
485,Deliver Product,2025-05-05 09:50:00,prod_095,ship_010,trans_001,City_Z,Normal
486,Deliver Product,2025-05-05 10:07:00,prod_096,ship_009,trans_001,City_Z,Normal
487,Deliver Product,2025-05-05 10:36:00,prod_097,ship_024,trans_001,City_Z,Normal
488,Deliver Product,2025-05-05 10:56:00,prod_098,ship_027,trans_015,City_X,Normal
489,Deliver Product,2025-05-05 11:20:00,prod_099,ship_026,trans_006,City_X,Normal
490,Deliver Product,2025-05-05 11:44:00,prod_100,ship_009,trans_011,City_Z,Normal
